{"cameraMode":{"drawMode":0,"name":"Shaded","section":"Shading Mode"},"sceneLighting":false,"audioPlay":false,"sceneViewState":{"showFog":true,"showMaterialUpdate":false,"showSkybox":true,"showFlares":true,"showImageEffects":true,"showParticleSystems":true},"in2DMode":false,"pivot":{"x":-3.597607374191284,"y":1.7852592468261719,"z":-1.562018632888794},"rotation":{"x":0.26605573296546938,"y":0.5266958475112915,"z":-0.1779457926750183,"w":0.7874904274940491},"size":1.2976391315460206,"orthographic":false}