{"cameraMode":{"drawMode":0,"name":"Shaded","section":"Shading Mode"},"sceneLighting":false,"audioPlay":false,"sceneViewState":{"showFog":true,"showMaterialUpdate":false,"showSkybox":true,"showFlares":true,"showImageEffects":true,"showParticleSystems":true},"in2DMode":false,"pivot":{"x":546.8251953125,"y":208.9425048828125,"z":0.05345749855041504},"rotation":{"x":0.16751272976398469,"y":0.008870644494891167,"z":-0.001507371780462563,"w":0.9858288764953613},"size":1.7647311687469483,"orthographic":false}