{"cameraMode":{"drawMode":0,"name":"Shaded","section":"Shading Mode"},"sceneLighting":false,"audioPlay":false,"sceneViewState":{"showFog":true,"showMaterialUpdate":false,"showSkybox":true,"showFlares":true,"showImageEffects":true,"showParticleSystems":true},"in2DMode":false,"pivot":{"x":5.269999980926514,"y":0.574509859085083,"z":0.3007039427757263},"rotation":{"x":0.23415622115135194,"y":-0.731203556060791,"z":0.30339908599853518,"w":0.5643237829208374},"size":3.9249699115753176,"orthographic":false}