{"cameraMode":{"drawMode":0,"name":"Shaded","section":"Shading Mode"},"sceneLighting":true,"audioPlay":false,"sceneViewState":{"showFog":true,"showMaterialUpdate":false,"showSkybox":true,"showFlares":true,"showImageEffects":true,"showParticleSystems":true},"in2DMode":false,"pivot":{"x":267.9759521484375,"y":231.55963134765626,"z":-35.18084716796875},"rotation":{"x":0.07822462171316147,"y":-0.017943620681762697,"z":0.0014092554338276387,"w":0.9967733025550842},"size":686.231201171875,"orthographic":false}