{"cameraMode":{"drawMode":0,"name":"Shaded","section":"Shading Mode"},"sceneLighting":false,"audioPlay":false,"sceneViewState":{"showFog":true,"showMaterialUpdate":false,"showSkybox":true,"showFlares":true,"showImageEffects":true,"showParticleSystems":true},"in2DMode":false,"pivot":{"x":13.688383102416993,"y":-0.4337306022644043,"z":-3.8582518100738527},"rotation":{"x":0.09449996799230576,"y":0.8914234042167664,"z":-0.2184419482946396,"w":0.3856387734413147},"size":10.208879470825196,"orthographic":false}