{"cameraMode":{"drawMode":0,"name":"Shaded","section":"Shading Mode"},"sceneLighting":false,"audioPlay":false,"sceneViewState":{"showFog":true,"showMaterialUpdate":false,"showSkybox":true,"showFlares":true,"showImageEffects":true,"showParticleSystems":true},"in2DMode":false,"pivot":{"x":9.666635513305664,"y":-0.34432196617126467,"z":-7.64720344543457},"rotation":{"x":0.26086655259132388,"y":0.3489372432231903,"z":-0.10178093612194061,"w":0.8943333625793457},"size":6.702173709869385,"orthographic":false}