{"cameraMode":{"drawMode":0,"name":"Shaded","section":"Shading Mode"},"sceneLighting":true,"audioPlay":false,"sceneViewState":{"showFog":true,"showMaterialUpdate":false,"showSkybox":true,"showFlares":true,"showImageEffects":true,"showParticleSystems":true},"in2DMode":false,"pivot":{"x":470.24945068359377,"y":220.1233673095703,"z":-21.97650146484375},"rotation":{"x":-0.025179943069815637,"y":0.0029991769697517158,"z":0.00007663163705728948,"w":0.9996784329414368},"size":561.1630859375,"orthographic":false}